{"cameraMode":{"drawMode":0,"name":"Shaded","section":"Shading Mode"},"sceneLighting":true,"audioPlay":false,"sceneViewState":{"m_AlwaysRefresh":false,"showFog":true,"showSkybox":true,"showFlares":true,"showImageEffects":true,"showParticleSystems":true,"showVisualEffectGraphs":true,"m_FxEnabled":true},"in2DMode":false,"pivot":{"x":606.5745239257813,"y":251.7271728515625,"z":587.6849975585938},"rotation":{"x":-0.012309174984693528,"y":-0.011403083801269532,"z":0.0001383200433338061,"w":-0.9998883008956909},"size":528.0208740234375,"orthographic":false}