{"cameraMode":{"drawMode":0,"name":"Shaded","section":"Shading Mode"},"sceneLighting":true,"audioPlay":false,"sceneViewState":{"m_AlwaysRefresh":false,"showFog":true,"showSkybox":true,"showFlares":true,"showImageEffects":true,"showParticleSystems":true,"showVisualEffectGraphs":true,"m_FxEnabled":true},"in2DMode":false,"pivot":{"x":-58.0140495300293,"y":-32.743892669677737,"z":158.06150817871095},"rotation":{"x":-0.26097235083580019,"y":0.11033198982477188,"z":-0.030037565156817437,"w":-0.9585678577423096},"size":104.8764877319336,"orthographic":false}